url,label
"https://www.onlinesbi.sbi/",0
"https://www.hdfcbank.com/personal/ways-to-bank/online-banking/net-banking",0
"https://www.icicibank.com/personal-banking/insta-banking/internet-banking",0
"https://www.axisbank.com/bank-smart/internet-banking",0
"https://www.kotak.com/en/digital-banking/ways-to-bank/net-banking.html",0
"https://www.bankofbaroda.in/personal-banking/digital-products/instant-banking/baroda-connect-internet-banking",0
"https://netpnb.com/",0
"https://canarabank.com/net-banking",0
"https://www.unionbankonline.co.in/",0
"https://www.rbi.org.in/",0
"https://incometax.gov.in/iec/foportal/",0
"http://sbi-kyc-verification.xyz/login",1
"http://hdfc-netbanking-security.top/auth/login.html",1
"http://icici-rewards-claim.club/portal",1
"http://axis-secure-verify.work/pan-update",1
"http://kotak-811-kyc.click/verify.php",1
"http://192.168.1.100/sbi-portal/login.html",1
"http://sbi.co.in.attacker-domain.com/login",1
"http://user:password@hdfc-login.fake-site.com/",1
"http://update-pan-aadhaar-bank.xyz/kyc",1
"http://bit.ly/sbi-kyc-alert-urgent",1
"https://tinyurl.com/hdfc-account-unblock",1
"http://bankofbaroda-support.buzz/claim",1
"http://pnb-online-alert.loan/restore",1
"http://canarabank-online-support.cf/verify",1
"http://free-reward-cashback-bank.top/redeem",1
"https://sbi-reward-points.org.in.fakeupdate.xyz/login",1
"http://103.45.12.98/netbanking/icici/",1
