text,label
"Dear Customer, your SBI account 4829 has been credited with Rs 45,000 via NEFT on 26-Aug-2026. Available balance Rs 78,430.",0
"URGENT: Your HDFC Bank account will be suspended in 24 hours. Complete your PAN KYC immediately at http://hdfc-kyc-verify.xyz or account blocked.",1
"HDFC Bank: Rs 1,499.00 spent on Card ending 4410 at AMAZON INDIA on 26-AUG-26. Not you? Call 18002664332.",0
"Dear user, your SBI NetBanking password has expired. Click here immediately to update http://sbi-secure-login.top/auth to avoid penalty.",1
"ICICI Bank Alert: Your OTP for transaction of INR 3,250.00 is 839201. Valid for 5 mins. Do NOT share OTP with anyone.",0
"Security Alert: ICICI Bank detected unauthorized login from Russia. Verify your identity now by sharing your 6-digit OTP with this representative.",1
"Axis Bank: Your credit card statement for Jul-2026 has been generated. Total due: INR 12,450. Due date: 15-Sep-2026.",0
"Congratulations! You won cash prize of Rs 50,00,000 from RBI/SBI Lottery. Click http://rbi-reward-claims.work to claim fund now.",1
"Kotak Bank: Salary of Rs 85,000 credited to A/c ...3901 on 01-AUG-2026. Ref No: SAL293849102.",0
"Dear Customer, Your Kotak Bank 811 account is blocked due to non-verification. Download official verification APK http://192.168.1.100/kotak.apk",1
"Bank of Baroda: Dear Customer, your UPI transaction of Rs 500 to Swiggy was successful. Ref: 489201948201.",0
"Bank of Baroda: Your UPI ID has been deactivated due to pending KYC. Click http://bob-upi-update.click to reactivate immediately.",1
"Canara Bank Alert: Cheque No 000421 for Rs 25,000 passed successfully on 25-Aug-2026. Balance: Rs 1,12,400.",0
"CANARA ALERT: Electric bill unpaid. Electricity power will be disconnected tonight at 9:30 PM. Call electricity officer at 9876543210 or pay at http://bill-pay.xyz",1
"PNB Alert: Rs 5,000 withdrawn from ATM ID PNB0028 on 26-AUG. If not done by you, SMS BLOCK to 5607040.",0
"Punjab National Bank: Dear user your debit card is locked. Share your card number and CVV to customer care to unlock card.",1
"Union Bank: Your monthly e-statement is sent to your registered email address.",0
"Your Union Bank reward points of Rs 9,850 are expiring today. Redeem cash directly into bank account at http://union-rewards.buzz/redeem",1
"Dear SBI Customer, your request for Cheque Book has been dispatched via SpeedPost Tracking No: EK482910482IN.",0
"URGENT NOTICE: SBI Account 4820 blocked due to KYC. Send your 16 digit card number, expiry date and PIN to restore services.",1
"Dear customer, Rs 2,500 debited from a/c xx9102 towards SIP investment in HDFC Flexi Cap Fund.",0
"HDFC NetBanking: Unusual withdrawal of Rs 95,000 detected. If not you, cancel immediately at http://hdfc-fraud-cancellation.xyz/cancel",1
"Axis Bank: Your Home Loan EMI of Rs 34,200 is due on 05-SEP-2026. Maintain sufficient balance in A/C.",0
"Axis Bank: Dear customer your account KYC is incomplete. Click http://axis-kyc-desk.link to prevent permanent account termination.",1
"IndusInd Bank: Welcome to IndusInd NetBanking. Your login ID has been activated. Never share your password.",0
"IndusInd Bank: Earn 5000 per day by rating hotels online. Work from home part time. Contact WhatsApp +919988776655.",1
"Dear user, bill of Rs 840 for Airtel Mobile 9876543210 is due on 28-Aug. Pay via Airtel Thanks app or netbanking.",0
"Tax Refund of INR 24,500 has been approved by Income Tax Dept. Provide your bank login credentials at http://incometax-refund-gov.top to receive credit.",1
"Dear Customer, your fixed deposit of Rs 1,00,000 has matured and renewed automatically for 1 year @ 7.10% p.a.",0
"CRITICAL: Your bank account will be closed today under Section 43B. Verify KYC instantly at http://rbi-kyc-mandate.work/verify",1
"Federal Bank: Your monthly account maintenance charge of Rs 118 has been debited from A/C 9182.",0
"Federal Bank scam alert: You have received a cashback refund of Rs 4,999. Click http://paytm-refund-desk.xyz to accept into bank.",1
"Your Uber ride receipt: INR 249.00 paid via Paytm UPI. Thank you for riding with Uber.",0
"WhatsApp Gift: Click here to claim your Free iPhone 16 and 50,000 Cash from Reliance Jio / SBI http://jio-free-gift.club",1
"Dear Customer, your request for address update has been processed successfully in ICICI Bank records.",0
"Dear Customer your ICICI iMobile app has been blocked. Download updated iMobile app APK from http://icici-imobile-update.xyz/app.apk",1
"IDFC FIRST Bank: Rs 20,000 transferred to Rohit Sharma via IMPS. UTR: 489201948201.",0
"IDFC ALERT: Unrecognized transaction of Rs 80,000 initiated. To abort, provide OTP sent to your mobile immediately.",1
"Yes Bank: You have successfully enabled International transactions on your Debit Card ending 8492.",0
"YES BANK: Your credit limit increased to 5,00,000. Apply now by entering your NetBanking password at http://yesbank-limit.xyz",1
